Workbook

Sheet Body
A1: Category | C1: Value | D1: Unit | E1: Comment
A2: Type | C2: Body
A3: Instance | C3: FSAE_Achilles
A4: class | C4: Body_Axle2
A5: sAxle1 | C5: [0 0 0] | D5: m | E5: X, Y, Z coordinates ( DO NOT CHANGE )
A6: sAxle2 | C6: [-1,575 0 0] | D6: m | E6: X, Y, Z coordinates
A7: sCG | C7: [-0,8232 0 0,3583] | D7: m
A8: sPower | C8: [-1 0 0] | D8: m | E8: model value only
A9: sHitchF | C9: [0.25 0 0.403] | D9: m | E9: model value only
A10: sHitchR | C10: [-1.75 0 0.403] | D10: m | E10: model value only
A11: Width | C11: =(HardpointsRr!C9*2+HardpointsFr!C9*2)/2/1000 -> 1.265 | D11: m | E11: taken as front + rear track / 2
A12: TrackFront | C12: =HardpointsFr!C9*2/1000 -> 1.28 | D12: m
A13: TrackRear | C13: =HardpointsRr!C9*2/1000 -> 1.25 | D13: m
A14: m | C14: 255.07 | D14: Kg | E14: Chassis + Bodywork + Electrical + Motors + Gearbox
A15: J | C15: [27 74 70] | D15: kg*m^2 | E15: Moments of Inertia [Ixx Iyy Izz]

Sheet SuspA1
A1: Category | B1: Element | C1: Value | D1: Unit | E1: Comment
A2: Type
A3: Instance
A4: class | C4: Linkage
A5: Linkage | C5: LinkageFront | D5: SHEET
A6: AntiRollBar | C6: ARBFront | D6: SHEET
A7: Steer | C7: Steer | D7: SHEET

Sheet LinkageFront
A1: Category | B1: Element | C1: Value | D1: Unit | E1: Comment
A2: Type | C2: Linkage
A3: Instance | C3: DoubleWishbonePushrod_FSAE_Achilles_f
A4: class | C4: DoubleWishbone Pushrod
A5: LowerWishbone | B5: sInboardF | C5: ="[" & _xlfn.TEXTJOIN(" ", TRUE, HardpointsFr!B2 / 1000, HardpointsFr!C2 / 1000, HardpointsFr!D2 / 1000) & "]" -> [0.2 0.203347 0.07635] | D5: m | E5: Hardpoint X, Y, Z coordinates ( DO NOT CHANGE HERE )
B6: sInboardR | C6: {="["&_xlfn.TEXTJOIN(" ",TRUE,HardpointsFr!B3/1000,HardpointsFr!C3/1000,HardpointsFr!D3/1000)&"]"} -> [-0.196 0.225 0.07635] | D6: m | E6: Hardpoint X, Y, Z coordinates ( DO NOT CHANGE HERE )
B7: sOutboard | C7: {="["&_xlfn.TEXTJOIN(" ",TRUE,HardpointsFr!B4/1000,HardpointsFr!C4/1000,HardpointsFr!D4/1000)&"]"} -> [0.011982 0.588501 0.1525] | D7: m | E7: Hardpoint X, Y, Z coordinates ( DO NOT CHANGE HERE )
B8: m | C8: 0.165 | D8: m
A9: UpperWishbone | B9: sInboardF | C9: {="["&_xlfn.TEXTJOIN(" ",TRUE,HardpointsFr!B5/1000,HardpointsFr!C5/1000,HardpointsFr!D5/1000)&"]"} -> [0.152882 0.207316 0.271782] | D9: m | E9: Hardpoint X, Y, Z coordinates ( DO NOT CHANGE HERE )
B10: sInboardR | C10: {="["&_xlfn.TEXTJOIN(" ",TRUE,HardpointsFr!B6/1000,HardpointsFr!C6/1000,HardpointsFr!D6/1000)&"]"} -> [-0.180729 0.225 0.250894] | D10: m | E10: Hardpoint X, Y, Z coordinates ( DO NOT CHANGE HERE )
B11: sOutboard | C11: {="["&_xlfn.TEXTJOIN(" ",TRUE,HardpointsFr!B7/1000,HardpointsFr!C7/1000,HardpointsFr!D7/1000)&"]"} -> [-0.012087 0.521103 0.3815] | D11: m | E11: Hardpoint X, Y, Z coordinates ( DO NOT CHANGE HERE )
B12: m | C12: 0.12 | D12: Kg | E12: Chassis + Bodywork + Electrical + Motors + Gearbox
A13: Upright | B13: sCG | C13: {="["&_xlfn.TEXTJOIN(" ",TRUE,HardpointsFr!B8/1000,HardpointsFr!C8/1000,HardpointsFr!D8/1000)&"]"} -> [0.01681 0.58217 0.28109] | D13: m | E13: Hardpoint X, Y, Z coordinates ( DO NOT CHANGE HERE )
B14: sWheelCentre | C14: {="["&_xlfn.TEXTJOIN(" ",TRUE,HardpointsFr!B9/1000,HardpointsFr!C9/1000,HardpointsFr!D9/1000)&"]"} -> [0 0.64 0.2665] | D14: m | E14: Hardpoint X, Y, Z coordinates ( DO NOT CHANGE HERE )
B15: m | C15: 1 | D15: Kg
B16: aToe | C16: -0.3 | D16: deg
B17: aCamber | C17: -1 | D17: deg
B18: xAxle | C18: 0.11 | D18: m
B19: xWCtoBearing | C19: 0.03 | D19: m
B20: mAxle | C20: 1.5 | D20: Kg
A21: TrackRod | B21: sInboard | C21: {="["&_xlfn.TEXTJOIN(" ",TRUE,HardpointsFr!B10/1000,HardpointsFr!C10/1000,HardpointsFr!D10/1000)&"]"} -> [0.105454 0.25 0.126397] | D21: m | E21: Hardpoint X, Y, Z coordinates ( DO NOT CHANGE HERE )
B22: sOutboard | C22: {="["&_xlfn.TEXTJOIN(" ",TRUE,HardpointsFr!B11/1000,HardpointsFr!C11/1000,HardpointsFr!D11/1000)&"]"} -> [0.086252 0.575546 0.2065] | D22: m | E22: Hardpoint X, Y, Z coordinates ( DO NOT CHANGE HERE )
B23: m | C23: 0.2 | D23: Kg
A24: Shock | B24: sTop | C24: {="["&_xlfn.TEXTJOIN(" ",TRUE,HardpointsFr!B12/1000,HardpointsFr!C12/1000,HardpointsFr!D12/1000)&"]"} -> [0.007846 0.233225 0.468064] | D24: m | E24: Hardpoint X, Y, Z coordinates ( DO NOT CHANGE HERE )
B25: sBottom | C25: {="["&_xlfn.TEXTJOIN(" ",TRUE,HardpointsFr!B13/1000,HardpointsFr!C13/1000,HardpointsFr!D13/1000)&"]"} -> [0.009519 0.318301 0.312066] | D25: m | E25: Hardpoint X, Y, Z coordinates ( DO NOT CHANGE HERE )
B26: mCylinder | C26: 1.2 | D26: Kg
B27: mPiston | C27: 0.8 | D27: Kg
A28: Endstop | B28: xMax | C28: 0.028 | D28: m
B29: xMin | C29: -0.028 | D29: m
A30: Pushrod | B30: sInboard | C30: {="["&_xlfn.TEXTJOIN(" ",TRUE,HardpointsFr!B15/1000,HardpointsFr!C15/1000,HardpointsFr!D15/1000)&"]"} -> [0.00954 0.351996 0.310579] | D30: m | E30: Hardpoint X, Y, Z coordinates ( DO NOT CHANGE HERE )
B31: sOutboard | C31: {="["&_xlfn.TEXTJOIN(" ",TRUE,HardpointsFr!B14/1000,HardpointsFr!C14/1000,HardpointsFr!D14/1000)&"]"} -> [0.011607 0.54333 0.173935] | D31: m | E31: Hardpoint X, Y, Z coordinates ( DO NOT CHANGE HERE )
B32: m | C32: 0.1 | D32: Kg
A33: Bellcrank | B33: sPivot | C33: {="["&_xlfn.TEXTJOIN(" ",TRUE,HardpointsFr!B16/1000,HardpointsFr!C16/1000,HardpointsFr!D16/1000)&"]"} -> [0.0099 0.24489 0.277836] | D33: m | E33: Hardpoint X, Y, Z coordinates ( DO NOT CHANGE HERE )
B34: sAntiRollBar | C34: {="["&_xlfn.TEXTJOIN(" ",TRUE,HardpointsFr!B19/1000,HardpointsFr!C19/1000,HardpointsFr!D19/1000)&"]"} -> [0.00974 0.292705 0.292453] | D34: m | E34: Hardpoint X, Y, Z coordinates ( DO NOT CHANGE HERE )
B35: m | C35: 0.4 | D35: Kg

Sheet ARBFront
A2: Category | B2: Element | C2: Value | D2: Unit | E2: Comment
A3: Type | C3: AntiRollBar
A4: Instance | C4: Droplink_FSAE_Achilles_f
A5: class | C5: DroplinkRod
A6: sSuspension | C6: ="["&_xlfn.TEXTJOIN(" ",TRUE,HardpointsFr!B19/1000,HardpointsFr!C19/1000,HardpointsFr!D19/1000)&"]" -> [0.00974 0.292705 0.292453] | D6: m | E6: Hardpoint X, Y, Z coordinates ( DO NOT CHANGE HERE )
A7: sInboard | C7: ="["&_xlfn.TEXTJOIN(" ",TRUE,HardpointsFr!B17/1000,HardpointsFr!C17/1000,HardpointsFr!D17/1000)&"]" -> [-0.007 0.262849 0.051519] | D7: m | E7: Hardpoint X, Y, Z coordinates ( DO NOT CHANGE HERE )
A8: sOutboard | C8: {="["&_xlfn.TEXTJOIN(" ",TRUE,HardpointsFr!B18/1000,HardpointsFr!C18/1000,HardpointsFr!D18/1000)&"]"} -> [-0.067747 0.262884 0.051354] | D8: m | E8: Hardpoint X, Y, Z coordinates ( DO NOT CHANGE HERE )
A9: k | C9: =2.2813*2 -> 4.5626 | D9: N*m/deg
A10: m | C10: 0.7 | D10: Kg

Sheet Steer
A1: Category | B1: Element | C1: Value | D1: Unit | E1: Comment
A2: Type | C2: Steer
A3: Instance | C3: WheelDrivenRack1UJoint_Ch2_Achilles
A4: class | C4: WheelDrivenRack1UJoint
A5: Rack | B5: sMount | C5: ="["&_xlfn.TEXTJOIN(" ",TRUE,HardpointsFr!B20/1000,HardpointsFr!C20/1000,HardpointsFr!D20/1000)&"]" -> [0.105454 0 0.126397] | D5: m | E5: Hardpoint X, Y, Z coordinates ( DO NOT CHANGE HERE )
B6: m | C6: 0.87 | D6: Kg
B7: fActuatorCutoff | C7: 50 | D7: Hz
A8: Wheel | B8: aAxis | C8: 0.7292 | D8: rad
B9: class | C9: FSAE
B10: m | C10: 0.5 | D10: Kg
B11: sMount | C11: ="["&_xlfn.TEXTJOIN(" ",TRUE,HardpointsFr!B21/1000,HardpointsFr!C21/1000,HardpointsFr!D21/1000)&"]" -> [-0.324965 0 0.533792] | D11: m | E11: Hardpoint X, Y, Z coordinates ( DO NOT CHANGE HERE )
A12: Pinion | B12: xRad | C12: 0.012732 | D12: m
B13: m | C13: 0.05 | D13: Kg
B14: sMount | C14: ="["&_xlfn.TEXTJOIN(" ",TRUE,HardpointsFr!B20/1000 - SIN(C8) * C12, 0, HardpointsFr!D20/1000-C8*C12)&"]" -> [0.0969710085717026 0 0.1171128256] | D14: m
A15: Shaft_Upper | B15: m | C15: 0.2 | D15: Kg
B16: xLength | C16: =SQRT(SUMXMY2(HardpointsFr!B20:D20,HardpointsFr!B21:D21))/1000/2 -> 0.29632381 | D16: m
A17: Shaft_Lower | B17: m | C17: 0.2 | D17: Kg
A18: Ratio_Table | B18: aWheel | C18: [-3.1416 -2.8274 -2.5133 -2.1991 -1.8849 -1.5708 -1.2566 -0.94247 -0.62831 -0.31416 0 0.31416 0.62831 0.94247 1.2566 1.5708 1.8849 2.1991 2.5133 2.8274 3.1416] | D18: rad | E18: Wheel Angle - reference only
B19: xRack | C19: [-0.042894 -0.038604 -0.034315 -0.030026 -0.025736 -0.021447 -0.017157 -0.012868 -0.0085787 -0.0042894 0 0.0042894 0.0085787 0.012868 0.017157 0.021447 0.025736 0.030026 0.034315 0.038604 0.042894] | D19: m | E19: Rack Displacement - reference only

Sheet SuspA2
A1: Category | B1: Element | C1: Value | D1: Unit | E1: Comment
A2: Type | C2: Linkage
A3: Instance | C3: DoubleWishbonePushrod_FSAE_Achilles_f
A4: class | C4: Linkage
A5: Linkage | C5: LinkageRear | D5: SHEET
A6: AntiRollBar | C6: ARBRear | D6: SHEET
A7: Steer | B7: type | C7: Steer
B8: class | C8: None

Sheet LinkageRear
A1: Category | B1: Element | C1: Value | D1: Unit | E1: Comment
A2: Type | C2: Linkage
A3: Instance | C3: DoubleWishbonePushrod_FSAE_Achilles_f
A4: class | C4: DoubleWishbone Pushrod NoSteer
A5: LowerWishbone | B5: sInboardF | C5: ="["&_xlfn.TEXTJOIN(" ",TRUE,HardpointsRr!B2/1000 +1.575,HardpointsRr!C2/1000,HardpointsRr!D2/1000)&"]" -> [0.185 0.305 0.11135] | D5: m | E5: Hardpoint X, Y, Z coordinates ( DO NOT CHANGE HERE )
B6: sInboardR | C6: ="["&_xlfn.TEXTJOIN(" ",TRUE,HardpointsRr!B3/1000 +1.575,HardpointsRr!C3/1000,HardpointsRr!D3/1000)&"]" -> [-0.255 0.27 0.11135] | D6: m | E6: Hardpoint X, Y, Z coordinates ( DO NOT CHANGE HERE )
B7: sOutboard | C7: ="["&_xlfn.TEXTJOIN(" ",TRUE,HardpointsRr!B4/1000 +1.575,HardpointsRr!C4/1000,HardpointsRr!D4/1000)&"]" -> [-0.004278 0.574497 0.144] | D7: m | E7: Hardpoint X, Y, Z coordinates ( DO NOT CHANGE HERE )
B8: m | C8: 0.165 | D8: m
A9: UpperWishbone | B9: sInboardF | C9: ="["&_xlfn.TEXTJOIN(" ",TRUE,HardpointsRr!B5/1000 +1.575,HardpointsRr!C5/1000,HardpointsRr!D5/1000)&"]" -> [0.185 0.305 0.313981] | D9: m | E9: Hardpoint X, Y, Z coordinates ( DO NOT CHANGE HERE )
B10: sInboardR | C10: ="["&_xlfn.TEXTJOIN(" ",TRUE,HardpointsRr!B6/1000 +1.575,HardpointsRr!C6/1000,HardpointsRr!D6/1000)&"]" -> [-0.255 0.27 0.339475] | D10: m | E10: Hardpoint X, Y, Z coordinates ( DO NOT CHANGE HERE )
B11: sOutboard | C11: ="["&_xlfn.TEXTJOIN(" ",TRUE,HardpointsRr!B7/1000 +1.575,HardpointsRr!C7/1000,HardpointsRr!D7/1000)&"]" -> [0.00429499999999994 0.508715 0.3895] | D11: m | E11: Hardpoint X, Y, Z coordinates ( DO NOT CHANGE HERE )
B12: m | C12: 0.12 | D12: Kg | E12: Hardpoint X, Y, Z coordinates ( DO NOT CHANGE HERE )
A13: Upright | B13: sCG | C13: ="["&_xlfn.TEXTJOIN(" ",TRUE,HardpointsRr!B8/1000 +1.575,HardpointsRr!C8/1000,HardpointsRr!D8/1000)&"]" -> [0.00571299999999986 0.568863 0.272678] | D13: m | E13: Hardpoint X, Y, Z coordinates ( DO NOT CHANGE HERE )
B14: sWheelCentre | C14: ="["&_xlfn.TEXTJOIN(" ",TRUE,HardpointsRr!B9/1000 +1.575,HardpointsRr!C9/1000,HardpointsRr!D9/1000)&"]" -> [0 0.625 0.2665] | D14: m | E14: Hardpoint X, Y, Z coordinates ( DO NOT CHANGE HERE )
B15: m | C15: 1 | D15: Kg
B16: aToe | C16: 0.1 | D16: deg
B17: aCamber | C17: -0.4 | D17: deg
B18: xAxle | C18: 0.11 | D18: m
B19: xWCtoBearing | C19: 0.03 | D19: m
B20: mAxle | C20: 1.5 | D20: Kg
A21: TrackRod | B21: sInboard | C21: ="["&_xlfn.TEXTJOIN(" ",TRUE,HardpointsRr!B10/1000 +1.575,HardpointsRr!C10/1000,HardpointsRr!D10/1000)&"]" -> [-0.255 0.27 0.178642] | D21: m | E21: Hardpoint X, Y, Z coordinates ( DO NOT CHANGE HERE )
B22: sOutboard | C22: ="["&_xlfn.TEXTJOIN(" ",TRUE,HardpointsRr!B11/1000 +1.575,HardpointsRr!C11/1000,HardpointsRr!D11/1000)&"]" -> [-0.101222 0.578 0.2315] | D22: m | E22: Hardpoint X, Y, Z coordinates ( DO NOT CHANGE HERE )
B23: m | C23: 0.2 | D23: Kg
A24: Shock | B24: sTop | C24: ="["&_xlfn.TEXTJOIN(" ",TRUE,HardpointsRr!B12/1000 + 1.575,HardpointsRr!C12/1000,HardpointsRr!D12/1000)&"]" -> [0.176138 0.283652 0.421807] | D24: m | E24: Hardpoint X, Y, Z coordinates ( DO NOT CHANGE HERE )
B25: sBottom | C25: ="["&_xlfn.TEXTJOIN(" ",TRUE,(HardpointsRr!B13+ 1575)/1000,HardpointsRr!C13/1000,HardpointsRr!D13/1000)&"]" -> [-0.00742800000000011 0.264547 0.466956] | D25: m | E25: Hardpoint X, Y, Z coordinates ( DO NOT CHANGE HERE )
B26: mPiston | C26: 0.8
B27: mCylinder | C27: 1.2 | D27: Kg
A28: Endstop | B28: xMax | C28: 0.028 | D28: m
B29: xMin | C29: -0.028 | D29: m
A30: Pushrod | B30: sOutboard | C30: ="["&_xlfn.TEXTJOIN(" ",TRUE,HardpointsRr!B14/1000 + 1.575,HardpointsRr!C14/1000,HardpointsRr!D14/1000)&"]" -> [-0.0234320000000001 0.528362 0.164116] | D30: m | E30: Hardpoint X, Y, Z coordinates ( DO NOT CHANGE HERE )
B31: sInboard | C31: ="["&_xlfn.TEXTJOIN(" ",TRUE,HardpointsRr!B15/1000 + 1.575,HardpointsRr!C15/1000,HardpointsRr!D15/1000)&"]" -> [-0.088023 0.351751 0.387308] | D31: m | E31: Hardpoint X, Y, Z coordinates ( DO NOT CHANGE HERE )
B32: m | C32: 0.1 | D32: Kg
A33: Bellcrank | B33: sPivot | C33: ="["&_xlfn.TEXTJOIN(" ",TRUE,HardpointsRr!B16/1000+ 1.575,HardpointsRr!C16/1000,HardpointsRr!D16/1000)&"]" -> [-0.0107710000000001 0.318427 0.41135] | D33: m | E33: Hardpoint X, Y, Z coordinates ( DO NOT CHANGE HERE )
B34: sAntiRollBar | C34: ="["&_xlfn.TEXTJOIN(" ",TRUE,HardpointsRr!B19/1000+ 1.575,HardpointsRr!C19/1000,HardpointsRr!D19/1000)&"]" -> [-0.027577 0.286348 0.447044] | D34: m | E34: Hardpoint X, Y, Z coordinates ( DO NOT CHANGE HERE )
B35: m | C35: 0.4 | D35: Kg

Sheet ARBRear
A1: Category | B1: Element | C1: Value | D1: Unit | E1: Comment
A2: Type | C2: AntiRollBar
A3: Instance | C3: Droplink_FSAE_Achilles_f
A4: class | C4: DroplinkRod Rear
A5: sSuspension | C5: ="["&_xlfn.TEXTJOIN(" ",TRUE,HardpointsRr!B19/1000+ 1.575,HardpointsRr!C19/1000,HardpointsRr!D19/1000)&"]" -> [-0.027577 0.286348 0.447044] | D5: m | E5: Hardpoint X, Y, Z coordinates ( DO NOT CHANGE HERE )
A6: sInboard | C6: ="["&_xlfn.TEXTJOIN(" ",TRUE,HardpointsRr!B17/1000+ 1.575,HardpointsRr!C17/1000,HardpointsRr!D17/1000)&"]" -> [-0.255 0.305 0.44435] | D6: m | E6: Hardpoint X, Y, Z coordinates ( DO NOT CHANGE HERE )
A7: sOutboard | C7: ="["&_xlfn.TEXTJOIN(" ",TRUE,HardpointsRr!B18/1000 + 1.575,HardpointsRr!C18/1000,HardpointsRr!D18/1000)&"]" -> [-0.255 0.305 0.38635] | D7: m | E7: Hardpoint X, Y, Z coordinates ( DO NOT CHANGE HERE )
A8: k | C8: =1.979*2 -> 3.958 | D8: N*m/deg
A9: m | C9: 0.7 | D9: Kg

Sheet Aero
A1: Category | C1: Value | D1: Unit | E1: Comment
A2: Type | C2: Aero
A3: Instance | C3: FSAE_Achilles
A4: class | C4: sedan
A5: CL | C5: -2.48
A6: CD | C6: 1.08
A7: rho_air | C7: 1.225 | D7: Kg/m^3
A8: ARef | C8: 1.2 | D8: m^2
A9: sPressureCentre | C9: [-0.707 0 0.628] | D9: Kg

Sheet Spring
A1: Category | C1: Value | D1: Unit | E1: Comment
A2: Type | C2: Spring
A3: Instance | C3: Independent
A4: class | C4: Independent
A5: Axle1 | B5: class | C5: Linear
B6: K | C6: 78807.07 | D6: N/m
B7: xPreload | C7: 0.008 | D7: m
A8: Axle2 | B8: class | C8: Linear
B9: K | C9: 56916.22 | D9: N/m
B10: xPreload | C10: 0.008 | D10: m

Sheet Damper
A1: Category | C1: Value | D1: Unit | E1: Comment
A2: Type | C2: Damper
A3: Instance | C3: Independent
A4: class | C4: Independent
A5: Axle1 | B5: class | C5: Nonlinear
B6: Damping | C6: Damping | D6: N/m | E6: TABLE
B7: KxMax | C7: 100000 | D7: N/m
B8: KxMin | C8: 100000 | D8: N/m
B9: dxMin | C9: 150 | D9: N/m
B10: dxMax | C10: 150 | D10: N/m
B11: xTransition | C11: 0.0001 | D11: m
A12: Axle2 | B12: class | C12: Nonlinear
B13: Damping | C13: Damping | D13: N/m | E13: TABLE
B14: KxMax | C14: 100000 | D14: N/m
B15: KxMin | C15: 100000 | D15: N/m
B16: dxMin | C16: 150 | D16: N/m
B17: dxMax | C17: 150 | D17: N/m
B18: xTransition | C18: 0.0001 | D18: m

Sheet Damping
A1: -443.53 | B1: -3883.595
A2: -433.58 | B2: -3833.189
A3: -423.97 | B3: -3778.566
A4: -415 | B4: -3715.607
A5: -406.67 | B5: -3644.313
A6: -398.79 | B6: -3567.233
A7: -391.16 | B7: -3486.622
A8: -383.59 | B8: -3405.227
A9: -375.88 | B9: -3325.303
A10: -367.89 | B10: -3248.713
A11: -359.64 | B11: -3175.359
A12: -351.2 | B12: -3104.163
... A101: 454.66 | B101: 1880.361

Sheet Tire
A1: Category | C1: Value | D1: Unit | E1: Comment
A2: Type | C2: Tire
A3: Instance | C3: MFEval_Hoosier
A4: class | C4: MFEval
A5: tirFile | C5: which('Hoosier_R20B_20p5x7_R13_7in_v2.tir') | D5: fileName | E5: tir file name
A6: Mass | C6: 10 | D6: Kg
A7: Inertia | C7: [1 2] | D7: Kg*m^2
A8: roadFile | C8: which(''TNO_FlatRoad.rdf'')' | D8: fileName
A9: CornerringStiffness | C9: 25000
A10: fContactPoint | C10: 0.01 | D10: sec | E10: Break algebraic loop between tire center position and contact point position and orientation
A11: TireBody | B11: class | C11: Parameterized
B12: sOffset | C12: [0 0 0] | D12: m
A13: Dynamics | C13: 1 steady state | E13: (1 steady state, 2 linear transients, 3 non-linear transients)
A14: Slip | C14: 1 combined | E14: 2 combined+turnslip

Sheet HardpointsFr
A1: Name | B1: X | C1: Y | D1: Z
A2: LowerWishbone Front Pickup | B2: 200 | C2: 203.347 | D2: 76.35
A3: LowerWishbone Rear Pickup | B3: -196 | C3: 225 | D3: 76.35
A4: LowerWishbone Outboard | B4: 11.982 | C4: 588.501 | D4: 152.5
A5: UpperWishbone Front Pickup | B5: 152.882 | C5: 207.316 | D5: 271.782
A6: UpperWishbone Rear Pickup | B6: -180.729 | C6: 225 | D6: 250.894
A7: UpperWishbone Outboard | B7: -12.087 | C7: 521.103 | D7: 381.5
A8: Upright CoG | B8: 16.81 | C8: 582.17 | D8: 281.09
A9: Wheel Center | B9: 0 | C9: 640 | D9: 266.5
A10: trackrod Inboard | B10: 105.454 | C10: 250 | D10: 126.397
A11: trackrod Outboard | B11: 86.252 | C11: 575.546 | D11: 206.5
A12: Shock Chassis Mount | B12: 7.846 | C12: 233.225 | D12: 468.064
A13: Shock Bottom | B13: 9.519 | C13: 318.301 | D13: 312.066
... A21: Steer Wheel | B21: -324.965 | C21: 0 | D21: 533.792

Sheet HardpointsRr
A1: Name | B1: X | C1: Y | D1: Z
A2: LowerWishbone Front Pickup | B2: -1390 | C2: 305 | D2: 111.35
A3: LowerWishbone Rear Pickup | B3: -1830 | C3: 270 | D3: 111.35
A4: LowerWishbone Outboard | B4: -1579.278 | C4: 574.497 | D4: 144
A5: UpperWishbone Front Pickup | B5: -1390 | C5: 305 | D5: 313.981
A6: UpperWishbone Rear Pickup | B6: -1830 | C6: 270 | D6: 339.475
A7: UpperWishbone Outboard | B7: -1570.705 | C7: 508.715 | D7: 389.5
A8: Upright CoG | B8: -1569.287 | C8: 568.863 | D8: 272.678
A9: Wheel Center | B9: -1575 | C9: 625 | D9: 266.5
A10: trackrod Inboard | B10: -1830 | C10: 270 | D10: 178.642
A11: trackrod Outboard | B11: -1676.222 | C11: 578 | D11: 231.5
A12: Shock Chassis Mount | B12: -1398.862 | C12: 283.652 | D12: 421.807
A13: Shock Bottom | B13: -1582.428 | C13: 264.547 | D13: 466.956
... A19: ARB to Bellcrank | B19: -1602.577 | C19: 286.348 | D19: 447.044
